field_id,item_id,datetime,available_at,ndvi_mean,ndvi_median,ndmi_mean,ndmi_median,valid_pixels,ndmi_valid_pixels,geometry_pixels,clear_fraction,ndmi_clear_fraction
synthetic-field-a,synthetic-01-a,2024-04-01T10:00:00+00:00,2024-04-01T14:00:00+00:00,0.5782309432,0.582010582,0.1569708076,0.1522946268,6,6,8,0.75,0.75
synthetic-field-b,synthetic-01-a,2024-04-01T10:00:00+00:00,2024-04-01T14:00:00+00:00,0.5795204962,0.582010582,0.158946283,0.1582210532,6,6,8,0.75,0.75
synthetic-field-a,synthetic-03-a,2024-04-03T10:00:00+00:00,2024-04-03T14:00:00+00:00,0.5778567151,0.582010582,0.1595282177,0.1599668573,6,6,8,0.75,0.75
synthetic-field-b,synthetic-03-a,2024-04-03T10:00:00+00:00,2024-04-03T14:00:00+00:00,0.5791123183,0.582010582,0.1614334324,0.1635897436,6,6,8,0.75,0.75
synthetic-field-a,synthetic-03-b,2024-04-03T10:00:00+00:00,2024-04-03T14:00:00+00:00,0.5778567151,0.582010582,0.1595282177,0.1599668573,6,6,8,0.75,0.75
synthetic-field-b,synthetic-03-b,2024-04-03T10:00:00+00:00,2024-04-03T14:00:00+00:00,0.5791123183,0.582010582,0.1614334324,0.1635897436,6,6,8,0.75,0.75
synthetic-field-a,synthetic-05-a,2024-04-05T10:00:00+00:00,2024-04-05T14:00:00+00:00,0.577505941,0.582010582,0.1619948529,0.1635897436,6,6,8,0.75,0.75
synthetic-field-b,synthetic-05-a,2024-04-05T10:00:00+00:00,2024-04-05T14:00:00+00:00,,,,,0,0,8,0,0
synthetic-field-a,synthetic-07-a,2024-04-07T10:00:00+00:00,2024-04-07T14:00:00+00:00,0.5771764829,0.5819609345,0.164375462,0.1635897436,6,6,8,0.75,0.75
synthetic-field-b,synthetic-07-a,2024-04-07T10:00:00+00:00,2024-04-07T14:00:00+00:00,0.5783690691,0.582010582,0.1661509505,0.1635897436,6,6,8,0.75,0.75
synthetic-field-a,synthetic-09-a,2024-04-09T10:00:00+00:00,2024-04-11T14:00:00+00:00,0.5768664552,0.5810308512,0.166674468,0.1635897436,6,6,8,0.75,0.75
synthetic-field-b,synthetic-09-a,2024-04-09T10:00:00+00:00,2024-04-11T14:00:00+00:00,0.5780297597,0.582010582,0.1683900068,0.1635897436,6,6,8,0.75,0.75
synthetic-field-a,synthetic-12-a,2024-04-12T10:00:00+00:00,2024-04-12T14:00:00+00:00,0.5764342445,0.5797342193,0.1699789199,0.1635897436,6,6,8,0.75,0.75
synthetic-field-b,synthetic-12-a,2024-04-12T10:00:00+00:00,2024-04-12T14:00:00+00:00,0.5775561403,0.582010582,0.171610071,0.1635897436,6,6,8,0.75,0.75
