date,temp_steps,temp_complete_24h,temp_mean_c,temp_min_c,temp_max_c,precip_steps,precip_complete_24h,precip_terminal_present,precip_within_cycle_decreases,precip_nonnegative,precip_valid,precip_mm,precip_observed_lower_bound_mm,gdd_base5,gdd_base10,hot_day_ge30c,frost_day_lt0c,dry_day_lt1mm,cum_precip_mm,cum_gdd_base5,cum_gdd_base10
2024-04-01,24,True,11.11979167,5.1875,17.0625,24,True,True,0,True,True,1,1,6.125,1.125,0,0,0,1,6.125,1.125
2024-04-02,24,True,11.36979167,5.4375,17.3125,24,True,True,0,True,True,2,2,6.375,1.375,0,0,0,3,12.5,2.5
2024-04-03,24,True,11.61979167,5.6875,17.5625,24,True,True,0,True,True,3,3,6.625,1.625,0,0,0,6,19.125,4.125
2024-04-04,23,False,,,,23,False,True,0,True,False,,4,,,,,,,,
2024-04-05,24,True,12.11979167,6.1875,18.0625,24,True,True,0,True,True,1,1,7.125,2.125,0,0,0,,,
2024-04-06,24,True,12.36979167,6.4375,18.3125,24,True,True,0,True,True,2,2,7.375,2.375,0,0,0,,,
2024-04-07,24,True,12.61979167,6.6875,18.5625,24,True,True,0,True,True,3,3,7.625,2.625,0,0,0,,,
2024-04-08,24,True,12.86979167,6.9375,18.8125,24,True,True,1,True,False,,,7.875,2.875,0,0,,,,
2024-04-09,24,True,13.11979167,7.1875,19.0625,24,True,True,0,True,True,1,1,8.125,3.125,0,0,0,,,
2024-04-10,24,True,13.36979167,7.4375,19.3125,24,True,True,0,True,True,2,2,8.375,3.375,0,0,0,,,
2024-04-11,24,True,13.61979167,7.6875,19.5625,24,True,True,0,True,True,3,3,8.625,3.625,0,0,0,,,
2024-04-12,24,True,13.86979167,7.9375,19.8125,24,True,True,0,True,True,4,4,8.875,3.875,0,0,0,,,
