datetime,available_at,temperature_k,precip_m
2024-04-01T00:00:00+00:00,2024-04-01T03:00:00+00:00,284.15,0.003
2024-04-01T01:00:00+00:00,2024-04-01T04:00:00+00:00,285.713331,4.1667e-05
2024-04-01T02:00:00+00:00,2024-04-01T05:00:00+00:00,287.170833,8.3333e-05
2024-04-01T03:00:00+00:00,2024-04-01T06:00:00+00:00,288.423891,0.000125
2024-04-01T04:00:00+00:00,2024-04-01T07:00:00+00:00,289.387819,0.000166667
2024-04-01T05:00:00+00:00,2024-04-01T08:00:00+00:00,289.997638,0.000208333
2024-04-01T06:00:00+00:00,2024-04-01T09:00:00+00:00,290.2125,0.00025
2024-04-01T07:00:00+00:00,2024-04-01T10:00:00+00:00,290.018472,0.000291667
2024-04-01T08:00:00+00:00,2024-04-01T11:00:00+00:00,289.429486,0.000333333
2024-04-01T09:00:00+00:00,2024-04-01T12:00:00+00:00,288.486391,0.000375
2024-04-01T10:00:00+00:00,2024-04-01T13:00:00+00:00,287.254167,0.000416667
2024-04-01T11:00:00+00:00,2024-04-01T14:00:00+00:00,285.817498,0.000458333
2024-04-01T12:00:00+00:00,2024-04-01T15:00:00+00:00,284.275,0.0005
2024-04-01T13:00:00+00:00,2024-04-01T16:00:00+00:00,282.732502,0.000541667
2024-04-01T14:00:00+00:00,2024-04-01T17:00:00+00:00,281.295833,0.000583333
2024-04-01T15:00:00+00:00,2024-04-01T18:00:00+00:00,280.063609,0.000625
2024-04-01T16:00:00+00:00,2024-04-01T19:00:00+00:00,279.120514,0.000666667
2024-04-01T17:00:00+00:00,2024-04-01T20:00:00+00:00,278.531528,0.000708333
2024-04-01T18:00:00+00:00,2024-04-01T21:00:00+00:00,278.3375,0.00075
2024-04-01T19:00:00+00:00,2024-04-01T22:00:00+00:00,278.552362,0.000791667
2024-04-01T20:00:00+00:00,2024-04-01T23:00:00+00:00,279.162181,0.000833333
2024-04-01T21:00:00+00:00,2024-04-02T00:00:00+00:00,280.126109,0.000875
2024-04-01T22:00:00+00:00,2024-04-02T01:00:00+00:00,281.379167,0.000916667
2024-04-01T23:00:00+00:00,2024-04-02T02:00:00+00:00,282.836669,0.000958333
2024-04-02T00:00:00+00:00,2024-04-02T03:00:00+00:00,284.4,0.001
2024-04-02T01:00:00+00:00,2024-04-02T04:00:00+00:00,285.963331,8.3333e-05
2024-04-02T02:00:00+00:00,2024-04-02T05:00:00+00:00,287.420833,0.000166667
2024-04-02T03:00:00+00:00,2024-04-02T06:00:00+00:00,288.673891,0.00025
2024-04-02T04:00:00+00:00,2024-04-02T07:00:00+00:00,289.637819,0.000333333
2024-04-02T05:00:00+00:00,2024-04-02T08:00:00+00:00,290.247638,0.000416667
2024-04-02T06:00:00+00:00,2024-04-02T09:00:00+00:00,290.4625,0.0005
2024-04-02T07:00:00+00:00,2024-04-02T10:00:00+00:00,290.268472,0.000583333
2024-04-02T08:00:00+00:00,2024-04-02T11:00:00+00:00,289.679486,0.000666667
2024-04-02T09:00:00+00:00,2024-04-02T12:00:00+00:00,288.736391,0.00075
2024-04-02T10:00:00+00:00,2024-04-02T13:00:00+00:00,287.504167,0.000833333
2024-04-02T11:00:00+00:00,2024-04-02T14:00:00+00:00,286.067498,0.000916667
2024-04-02T12:00:00+00:00,2024-04-02T15:00:00+00:00,284.525,0.001
2024-04-02T13:00:00+00:00,2024-04-02T16:00:00+00:00,282.982502,0.001083333
2024-04-02T14:00:00+00:00,2024-04-02T17:00:00+00:00,281.545833,0.001166667
2024-04-02T15:00:00+00:00,2024-04-02T18:00:00+00:00,280.313609,0.00125
2024-04-02T16:00:00+00:00,2024-04-02T19:00:00+00:00,279.370514,0.001333333
2024-04-02T17:00:00+00:00,2024-04-02T20:00:00+00:00,278.781528,0.001416667
2024-04-02T18:00:00+00:00,2024-04-02T21:00:00+00:00,278.5875,0.0015
2024-04-02T19:00:00+00:00,2024-04-02T22:00:00+00:00,278.802362,0.001583333
2024-04-02T20:00:00+00:00,2024-04-02T23:00:00+00:00,279.412181,0.001666667
2024-04-02T21:00:00+00:00,2024-04-03T00:00:00+00:00,280.376109,0.00175
2024-04-02T22:00:00+00:00,2024-04-03T01:00:00+00:00,281.629167,0.001833333
2024-04-02T23:00:00+00:00,2024-04-03T02:00:00+00:00,283.086669,0.001916667
2024-04-03T00:00:00+00:00,2024-04-03T03:00:00+00:00,284.65,0.002
2024-04-03T01:00:00+00:00,2024-04-03T04:00:00+00:00,286.213331,0.000125
2024-04-03T02:00:00+00:00,2024-04-03T05:00:00+00:00,287.670833,0.00025
2024-04-03T03:00:00+00:00,2024-04-03T06:00:00+00:00,288.923891,0.000375
2024-04-03T04:00:00+00:00,2024-04-03T07:00:00+00:00,289.887819,0.0005
2024-04-03T05:00:00+00:00,2024-04-03T08:00:00+00:00,290.497638,0.000625
2024-04-03T06:00:00+00:00,2024-04-03T09:00:00+00:00,290.7125,0.00075
2024-04-03T07:00:00+00:00,2024-04-03T10:00:00+00:00,290.518472,0.000875
2024-04-03T08:00:00+00:00,2024-04-03T11:00:00+00:00,289.929486,0.001
2024-04-03T09:00:00+00:00,2024-04-03T12:00:00+00:00,288.986391,0.001125
2024-04-03T10:00:00+00:00,2024-04-03T13:00:00+00:00,287.754167,0.00125
2024-04-03T11:00:00+00:00,2024-04-03T14:00:00+00:00,286.317498,0.001375
2024-04-03T12:00:00+00:00,2024-04-03T15:00:00+00:00,284.775,0.0015
2024-04-03T13:00:00+00:00,2024-04-03T16:00:00+00:00,283.232502,0.001625
2024-04-03T14:00:00+00:00,2024-04-03T17:00:00+00:00,281.795833,0.00175
2024-04-03T15:00:00+00:00,2024-04-03T18:00:00+00:00,280.563609,0.001875
2024-04-03T16:00:00+00:00,2024-04-03T19:00:00+00:00,279.620514,0.002
2024-04-03T17:00:00+00:00,2024-04-03T20:00:00+00:00,279.031528,0.002125
2024-04-03T18:00:00+00:00,2024-04-03T21:00:00+00:00,278.8375,0.00225
2024-04-03T19:00:00+00:00,2024-04-03T22:00:00+00:00,279.052362,0.002375
2024-04-03T20:00:00+00:00,2024-04-03T23:00:00+00:00,279.662181,0.0025
2024-04-03T21:00:00+00:00,2024-04-04T00:00:00+00:00,280.626109,0.002625
2024-04-03T22:00:00+00:00,2024-04-04T01:00:00+00:00,281.879167,0.00275
2024-04-03T23:00:00+00:00,2024-04-04T02:00:00+00:00,283.336669,0.002875
2024-04-04T00:00:00+00:00,2024-04-04T03:00:00+00:00,284.9,0.003
2024-04-04T01:00:00+00:00,2024-04-04T04:00:00+00:00,286.463331,0.000166667
2024-04-04T02:00:00+00:00,2024-04-04T05:00:00+00:00,287.920833,0.000333333
2024-04-04T03:00:00+00:00,2024-04-04T06:00:00+00:00,289.173891,0.0005
2024-04-04T04:00:00+00:00,2024-04-04T07:00:00+00:00,290.137819,0.000666667
2024-04-04T05:00:00+00:00,2024-04-04T08:00:00+00:00,290.747638,0.000833333
2024-04-04T06:00:00+00:00,2024-04-04T09:00:00+00:00,290.9625,0.001
2024-04-04T07:00:00+00:00,2024-04-04T10:00:00+00:00,290.768472,0.001166667
2024-04-04T08:00:00+00:00,2024-04-04T11:00:00+00:00,290.179486,0.001333333
2024-04-04T09:00:00+00:00,2024-04-04T12:00:00+00:00,289.236391,0.0015
2024-04-04T10:00:00+00:00,2024-04-04T13:00:00+00:00,288.004167,0.001666667
2024-04-04T11:00:00+00:00,2024-04-04T14:00:00+00:00,286.567498,0.001833333
2024-04-04T13:00:00+00:00,2024-04-04T16:00:00+00:00,283.482502,0.002166667
2024-04-04T14:00:00+00:00,2024-04-04T17:00:00+00:00,282.045833,0.002333333
2024-04-04T15:00:00+00:00,2024-04-04T18:00:00+00:00,280.813609,0.0025
2024-04-04T16:00:00+00:00,2024-04-04T19:00:00+00:00,279.870514,0.002666667
2024-04-04T17:00:00+00:00,2024-04-04T20:00:00+00:00,279.281528,0.002833333
2024-04-04T18:00:00+00:00,2024-04-04T21:00:00+00:00,279.0875,0.003
2024-04-04T19:00:00+00:00,2024-04-04T22:00:00+00:00,279.302362,0.003166667
2024-04-04T20:00:00+00:00,2024-04-04T23:00:00+00:00,279.912181,0.003333333
2024-04-04T21:00:00+00:00,2024-04-05T00:00:00+00:00,280.876109,0.0035
2024-04-04T22:00:00+00:00,2024-04-05T01:00:00+00:00,282.129167,0.003666667
2024-04-04T23:00:00+00:00,2024-04-05T02:00:00+00:00,283.586669,0.003833333
2024-04-05T00:00:00+00:00,2024-04-05T03:00:00+00:00,285.15,0.004
2024-04-05T01:00:00+00:00,2024-04-05T04:00:00+00:00,286.713331,4.1667e-05
2024-04-05T02:00:00+00:00,2024-04-05T05:00:00+00:00,288.170833,8.3333e-05
2024-04-05T03:00:00+00:00,2024-04-05T06:00:00+00:00,289.423891,0.000125
2024-04-05T04:00:00+00:00,2024-04-05T07:00:00+00:00,290.387819,0.000166667
2024-04-05T05:00:00+00:00,2024-04-05T08:00:00+00:00,290.997638,0.000208333
2024-04-05T06:00:00+00:00,2024-04-05T09:00:00+00:00,291.2125,0.00025
2024-04-05T07:00:00+00:00,2024-04-05T10:00:00+00:00,291.018472,0.000291667
2024-04-05T08:00:00+00:00,2024-04-05T11:00:00+00:00,290.429486,0.000333333
2024-04-05T09:00:00+00:00,2024-04-05T12:00:00+00:00,289.486391,0.000375
2024-04-05T10:00:00+00:00,2024-04-05T13:00:00+00:00,288.254167,0.000416667
2024-04-05T11:00:00+00:00,2024-04-05T14:00:00+00:00,286.817498,0.000458333
2024-04-05T12:00:00+00:00,2024-04-05T15:00:00+00:00,285.275,0.0005
2024-04-05T13:00:00+00:00,2024-04-05T16:00:00+00:00,283.732502,0.000541667
2024-04-05T14:00:00+00:00,2024-04-05T17:00:00+00:00,282.295833,0.000583333
2024-04-05T15:00:00+00:00,2024-04-05T18:00:00+00:00,281.063609,0.000625
2024-04-05T16:00:00+00:00,2024-04-05T19:00:00+00:00,280.120514,0.000666667
2024-04-05T17:00:00+00:00,2024-04-05T20:00:00+00:00,279.531528,0.000708333
2024-04-05T18:00:00+00:00,2024-04-05T21:00:00+00:00,279.3375,0.00075
2024-04-05T19:00:00+00:00,2024-04-05T22:00:00+00:00,279.552362,0.000791667
2024-04-05T20:00:00+00:00,2024-04-05T23:00:00+00:00,280.162181,0.000833333
2024-04-05T21:00:00+00:00,2024-04-06T00:00:00+00:00,281.126109,0.000875
2024-04-05T22:00:00+00:00,2024-04-06T01:00:00+00:00,282.379167,0.000916667
2024-04-05T23:00:00+00:00,2024-04-06T02:00:00+00:00,283.836669,0.000958333
2024-04-06T00:00:00+00:00,2024-04-06T03:00:00+00:00,285.4,0.001
2024-04-06T01:00:00+00:00,2024-04-06T04:00:00+00:00,286.963331,8.3333e-05
2024-04-06T02:00:00+00:00,2024-04-06T05:00:00+00:00,288.420833,0.000166667
2024-04-06T03:00:00+00:00,2024-04-06T06:00:00+00:00,289.673891,0.00025
2024-04-06T04:00:00+00:00,2024-04-06T07:00:00+00:00,290.637819,0.000333333
2024-04-06T05:00:00+00:00,2024-04-06T08:00:00+00:00,291.247638,0.000416667
2024-04-06T06:00:00+00:00,2024-04-06T09:00:00+00:00,291.4625,0.0005
2024-04-06T07:00:00+00:00,2024-04-06T10:00:00+00:00,291.268472,0.000583333
2024-04-06T08:00:00+00:00,2024-04-06T11:00:00+00:00,290.679486,0.000666667
2024-04-06T09:00:00+00:00,2024-04-06T12:00:00+00:00,289.736391,0.00075
2024-04-06T10:00:00+00:00,2024-04-06T13:00:00+00:00,288.504167,0.000833333
2024-04-06T11:00:00+00:00,2024-04-06T14:00:00+00:00,287.067498,0.000916667
2024-04-06T12:00:00+00:00,2024-04-06T15:00:00+00:00,285.525,0.001
2024-04-06T13:00:00+00:00,2024-04-06T16:00:00+00:00,283.982502,0.001083333
2024-04-06T14:00:00+00:00,2024-04-06T17:00:00+00:00,282.545833,0.001166667
2024-04-06T15:00:00+00:00,2024-04-06T18:00:00+00:00,281.313609,0.00125
2024-04-06T16:00:00+00:00,2024-04-06T19:00:00+00:00,280.370514,0.001333333
2024-04-06T17:00:00+00:00,2024-04-06T20:00:00+00:00,279.781528,0.001416667
2024-04-06T18:00:00+00:00,2024-04-06T21:00:00+00:00,279.5875,0.0015
2024-04-06T19:00:00+00:00,2024-04-06T22:00:00+00:00,279.802362,0.001583333
2024-04-06T20:00:00+00:00,2024-04-06T23:00:00+00:00,280.412181,0.001666667
2024-04-06T21:00:00+00:00,2024-04-07T00:00:00+00:00,281.376109,0.00175
2024-04-06T22:00:00+00:00,2024-04-07T01:00:00+00:00,282.629167,0.001833333
2024-04-06T23:00:00+00:00,2024-04-07T02:00:00+00:00,284.086669,0.001916667
2024-04-07T00:00:00+00:00,2024-04-07T03:00:00+00:00,285.65,0.002
2024-04-07T01:00:00+00:00,2024-04-07T04:00:00+00:00,287.213331,0.000125
2024-04-07T02:00:00+00:00,2024-04-07T05:00:00+00:00,288.670833,0.00025
2024-04-07T03:00:00+00:00,2024-04-07T06:00:00+00:00,289.923891,0.000375
2024-04-07T04:00:00+00:00,2024-04-07T07:00:00+00:00,290.887819,0.0005
2024-04-07T05:00:00+00:00,2024-04-07T08:00:00+00:00,291.497638,0.000625
2024-04-07T06:00:00+00:00,2024-04-07T09:00:00+00:00,291.7125,0.00075
2024-04-07T07:00:00+00:00,2024-04-07T10:00:00+00:00,291.518472,0.000875
2024-04-07T08:00:00+00:00,2024-04-07T11:00:00+00:00,290.929486,0.001
2024-04-07T09:00:00+00:00,2024-04-07T12:00:00+00:00,289.986391,0.001125
2024-04-07T10:00:00+00:00,2024-04-07T13:00:00+00:00,288.754167,0.00125
2024-04-07T11:00:00+00:00,2024-04-07T14:00:00+00:00,287.317498,0.001375
2024-04-07T12:00:00+00:00,2024-04-07T15:00:00+00:00,285.775,0.0015
2024-04-07T13:00:00+00:00,2024-04-07T16:00:00+00:00,284.232502,0.001625
2024-04-07T14:00:00+00:00,2024-04-07T17:00:00+00:00,282.795833,0.00175
2024-04-07T15:00:00+00:00,2024-04-07T18:00:00+00:00,281.563609,0.001875
2024-04-07T16:00:00+00:00,2024-04-07T19:00:00+00:00,280.620514,0.002
2024-04-07T17:00:00+00:00,2024-04-07T20:00:00+00:00,280.031528,0.002125
2024-04-07T18:00:00+00:00,2024-04-07T21:00:00+00:00,279.8375,0.00225
2024-04-07T19:00:00+00:00,2024-04-07T22:00:00+00:00,280.052362,0.002375
2024-04-07T20:00:00+00:00,2024-04-07T23:00:00+00:00,280.662181,0.0025
2024-04-07T21:00:00+00:00,2024-04-08T00:00:00+00:00,281.626109,0.002625
2024-04-07T22:00:00+00:00,2024-04-08T01:00:00+00:00,282.879167,0.00275
2024-04-07T23:00:00+00:00,2024-04-08T02:00:00+00:00,284.336669,0.002875
2024-04-08T00:00:00+00:00,2024-04-08T03:00:00+00:00,285.9,0.003
2024-04-08T01:00:00+00:00,2024-04-08T04:00:00+00:00,287.463331,0.000166667
2024-04-08T02:00:00+00:00,2024-04-08T05:00:00+00:00,288.920833,0.000333333
2024-04-08T03:00:00+00:00,2024-04-08T06:00:00+00:00,290.173891,0.0005
2024-04-08T04:00:00+00:00,2024-04-08T07:00:00+00:00,291.137819,0.000666667
2024-04-08T05:00:00+00:00,2024-04-08T08:00:00+00:00,291.747638,0.000833333
2024-04-08T06:00:00+00:00,2024-04-08T09:00:00+00:00,291.9625,0.001
2024-04-08T07:00:00+00:00,2024-04-08T10:00:00+00:00,291.768472,0.001166667
2024-04-08T08:00:00+00:00,2024-04-08T11:00:00+00:00,291.179486,0.001333333
2024-04-08T09:00:00+00:00,2024-04-08T12:00:00+00:00,290.236391,0.0015
2024-04-08T10:00:00+00:00,2024-04-08T13:00:00+00:00,289.004167,0.001666667
2024-04-08T11:00:00+00:00,2024-04-08T14:00:00+00:00,287.567498,0.001833333
2024-04-08T12:00:00+00:00,2024-04-08T15:00:00+00:00,286.025,0.002
2024-04-08T13:00:00+00:00,2024-04-08T16:00:00+00:00,284.482502,0.002166667
2024-04-08T14:00:00+00:00,2024-04-08T17:00:00+00:00,283.045833,0.002333333
2024-04-08T15:00:00+00:00,2024-04-08T18:00:00+00:00,281.813609,0.0025
2024-04-08T16:00:00+00:00,2024-04-08T19:00:00+00:00,280.870514,0.002666667
2024-04-08T17:00:00+00:00,2024-04-08T20:00:00+00:00,280.281528,0.002833333
2024-04-08T18:00:00+00:00,2024-04-08T21:00:00+00:00,280.0875,0.0001
2024-04-08T19:00:00+00:00,2024-04-08T22:00:00+00:00,280.302362,0.003166667
2024-04-08T20:00:00+00:00,2024-04-08T23:00:00+00:00,280.912181,0.003333333
2024-04-08T21:00:00+00:00,2024-04-09T00:00:00+00:00,281.876109,0.0035
2024-04-08T22:00:00+00:00,2024-04-09T01:00:00+00:00,283.129167,0.003666667
2024-04-08T23:00:00+00:00,2024-04-09T02:00:00+00:00,284.586669,0.003833333
2024-04-09T00:00:00+00:00,2024-04-09T03:00:00+00:00,286.15,0.004
2024-04-09T01:00:00+00:00,2024-04-09T04:00:00+00:00,287.713331,4.1667e-05
2024-04-09T02:00:00+00:00,2024-04-09T05:00:00+00:00,289.170833,8.3333e-05
2024-04-09T03:00:00+00:00,2024-04-09T06:00:00+00:00,290.423891,0.000125
2024-04-09T04:00:00+00:00,2024-04-09T07:00:00+00:00,291.387819,0.000166667
2024-04-09T05:00:00+00:00,2024-04-09T08:00:00+00:00,291.997638,0.000208333
2024-04-09T06:00:00+00:00,2024-04-09T09:00:00+00:00,292.2125,0.00025
2024-04-09T07:00:00+00:00,2024-04-09T10:00:00+00:00,292.018472,0.000291667
2024-04-09T08:00:00+00:00,2024-04-09T11:00:00+00:00,291.429486,0.000333333
2024-04-09T09:00:00+00:00,2024-04-09T12:00:00+00:00,290.486391,0.000375
2024-04-09T10:00:00+00:00,2024-04-09T13:00:00+00:00,289.254167,0.000416667
2024-04-09T11:00:00+00:00,2024-04-09T14:00:00+00:00,287.817498,0.000458333
2024-04-09T12:00:00+00:00,2024-04-09T15:00:00+00:00,286.275,0.0005
2024-04-09T13:00:00+00:00,2024-04-09T16:00:00+00:00,284.732502,0.000541667
2024-04-09T14:00:00+00:00,2024-04-09T17:00:00+00:00,283.295833,0.000583333
2024-04-09T15:00:00+00:00,2024-04-09T18:00:00+00:00,282.063609,0.000625
2024-04-09T16:00:00+00:00,2024-04-09T19:00:00+00:00,281.120514,0.000666667
2024-04-09T17:00:00+00:00,2024-04-09T20:00:00+00:00,280.531528,0.000708333
2024-04-09T18:00:00+00:00,2024-04-09T21:00:00+00:00,280.3375,0.00075
2024-04-09T19:00:00+00:00,2024-04-09T22:00:00+00:00,280.552362,0.000791667
2024-04-09T20:00:00+00:00,2024-04-09T23:00:00+00:00,281.162181,0.000833333
2024-04-09T21:00:00+00:00,2024-04-10T00:00:00+00:00,282.126109,0.000875
2024-04-09T22:00:00+00:00,2024-04-10T01:00:00+00:00,283.379167,0.000916667
2024-04-09T23:00:00+00:00,2024-04-10T02:00:00+00:00,284.836669,0.000958333
2024-04-10T00:00:00+00:00,2024-04-10T03:00:00+00:00,286.4,0.001
2024-04-10T01:00:00+00:00,2024-04-10T04:00:00+00:00,287.963331,8.3333e-05
2024-04-10T02:00:00+00:00,2024-04-10T05:00:00+00:00,289.420833,0.000166667
2024-04-10T03:00:00+00:00,2024-04-10T06:00:00+00:00,290.673891,0.00025
2024-04-10T04:00:00+00:00,2024-04-10T07:00:00+00:00,291.637819,0.000333333
2024-04-10T05:00:00+00:00,2024-04-10T08:00:00+00:00,292.247638,0.000416667
2024-04-10T06:00:00+00:00,2024-04-10T09:00:00+00:00,292.4625,0.0005
2024-04-10T07:00:00+00:00,2024-04-10T10:00:00+00:00,292.268472,0.000583333
2024-04-10T08:00:00+00:00,2024-04-10T11:00:00+00:00,291.679486,0.000666667
2024-04-10T09:00:00+00:00,2024-04-10T12:00:00+00:00,290.736391,0.00075
2024-04-10T10:00:00+00:00,2024-04-10T13:00:00+00:00,289.504167,0.000833333
2024-04-10T11:00:00+00:00,2024-04-10T14:00:00+00:00,288.067498,0.000916667
2024-04-10T12:00:00+00:00,2024-04-10T15:00:00+00:00,286.525,0.001
2024-04-10T13:00:00+00:00,2024-04-10T16:00:00+00:00,284.982502,0.001083333
2024-04-10T14:00:00+00:00,2024-04-10T17:00:00+00:00,283.545833,0.001166667
2024-04-10T15:00:00+00:00,2024-04-10T18:00:00+00:00,282.313609,0.00125
2024-04-10T16:00:00+00:00,2024-04-10T19:00:00+00:00,281.370514,0.001333333
2024-04-10T17:00:00+00:00,2024-04-10T20:00:00+00:00,280.781528,0.001416667
2024-04-10T18:00:00+00:00,2024-04-10T21:00:00+00:00,280.5875,0.0015
2024-04-10T19:00:00+00:00,2024-04-10T22:00:00+00:00,280.802362,0.001583333
2024-04-10T20:00:00+00:00,2024-04-10T23:00:00+00:00,281.412181,0.001666667
2024-04-10T21:00:00+00:00,2024-04-11T00:00:00+00:00,282.376109,0.00175
2024-04-10T22:00:00+00:00,2024-04-11T01:00:00+00:00,283.629167,0.001833333
2024-04-10T23:00:00+00:00,2024-04-11T02:00:00+00:00,285.086669,0.001916667
2024-04-11T00:00:00+00:00,2024-04-11T03:00:00+00:00,286.65,0.002
2024-04-11T01:00:00+00:00,2024-04-11T04:00:00+00:00,288.213331,0.000125
2024-04-11T02:00:00+00:00,2024-04-11T05:00:00+00:00,289.670833,0.00025
2024-04-11T03:00:00+00:00,2024-04-11T06:00:00+00:00,290.923891,0.000375
2024-04-11T04:00:00+00:00,2024-04-11T07:00:00+00:00,291.887819,0.0005
2024-04-11T05:00:00+00:00,2024-04-11T08:00:00+00:00,292.497638,0.000625
2024-04-11T06:00:00+00:00,2024-04-11T09:00:00+00:00,292.7125,0.00075
2024-04-11T07:00:00+00:00,2024-04-11T10:00:00+00:00,292.518472,0.000875
2024-04-11T08:00:00+00:00,2024-04-11T11:00:00+00:00,291.929486,0.001
2024-04-11T09:00:00+00:00,2024-04-11T12:00:00+00:00,290.986391,0.001125
2024-04-11T10:00:00+00:00,2024-04-11T13:00:00+00:00,289.754167,0.00125
2024-04-11T11:00:00+00:00,2024-04-11T14:00:00+00:00,288.317498,0.001375
2024-04-11T12:00:00+00:00,2024-04-11T15:00:00+00:00,286.775,0.0015
2024-04-11T13:00:00+00:00,2024-04-11T16:00:00+00:00,285.232502,0.001625
2024-04-11T14:00:00+00:00,2024-04-11T17:00:00+00:00,283.795833,0.00175
2024-04-11T15:00:00+00:00,2024-04-11T18:00:00+00:00,282.563609,0.001875
2024-04-11T16:00:00+00:00,2024-04-11T19:00:00+00:00,281.620514,0.002
2024-04-11T17:00:00+00:00,2024-04-11T20:00:00+00:00,281.031528,0.002125
2024-04-11T18:00:00+00:00,2024-04-11T21:00:00+00:00,280.8375,0.00225
2024-04-11T19:00:00+00:00,2024-04-11T22:00:00+00:00,281.052362,0.002375
2024-04-11T20:00:00+00:00,2024-04-11T23:00:00+00:00,281.662181,0.0025
2024-04-11T21:00:00+00:00,2024-04-12T00:00:00+00:00,282.626109,0.002625
2024-04-11T22:00:00+00:00,2024-04-12T01:00:00+00:00,283.879167,0.00275
2024-04-11T23:00:00+00:00,2024-04-12T02:00:00+00:00,285.336669,0.002875
2024-04-12T00:00:00+00:00,2024-04-12T03:00:00+00:00,286.9,0.003
2024-04-12T01:00:00+00:00,2024-04-12T04:00:00+00:00,288.463331,0.000166667
2024-04-12T02:00:00+00:00,2024-04-12T05:00:00+00:00,289.920833,0.000333333
2024-04-12T03:00:00+00:00,2024-04-12T06:00:00+00:00,291.173891,0.0005
2024-04-12T04:00:00+00:00,2024-04-12T07:00:00+00:00,292.137819,0.000666667
2024-04-12T05:00:00+00:00,2024-04-12T08:00:00+00:00,292.747638,0.000833333
2024-04-12T06:00:00+00:00,2024-04-12T09:00:00+00:00,292.9625,0.001
2024-04-12T07:00:00+00:00,2024-04-12T10:00:00+00:00,292.768472,0.001166667
2024-04-12T08:00:00+00:00,2024-04-12T11:00:00+00:00,292.179486,0.001333333
2024-04-12T09:00:00+00:00,2024-04-12T12:00:00+00:00,291.236391,0.0015
2024-04-12T10:00:00+00:00,2024-04-12T13:00:00+00:00,290.004167,0.001666667
2024-04-12T11:00:00+00:00,2024-04-12T14:00:00+00:00,288.567498,0.001833333
2024-04-12T12:00:00+00:00,2024-04-12T15:00:00+00:00,287.025,0.002
2024-04-12T13:00:00+00:00,2024-04-12T16:00:00+00:00,285.482502,0.002166667
2024-04-12T14:00:00+00:00,2024-04-12T17:00:00+00:00,284.045833,0.002333333
2024-04-12T15:00:00+00:00,2024-04-12T18:00:00+00:00,282.813609,0.0025
2024-04-12T16:00:00+00:00,2024-04-12T19:00:00+00:00,281.870514,0.002666667
2024-04-12T17:00:00+00:00,2024-04-12T20:00:00+00:00,281.281528,0.002833333
2024-04-12T18:00:00+00:00,2024-04-12T21:00:00+00:00,281.0875,0.003
2024-04-12T19:00:00+00:00,2024-04-12T22:00:00+00:00,281.302362,0.003166667
2024-04-12T20:00:00+00:00,2024-04-12T23:00:00+00:00,281.912181,0.003333333
2024-04-12T21:00:00+00:00,2024-04-13T00:00:00+00:00,282.876109,0.0035
2024-04-12T22:00:00+00:00,2024-04-13T01:00:00+00:00,284.129167,0.003666667
2024-04-12T23:00:00+00:00,2024-04-13T02:00:00+00:00,285.586669,0.003833333
2024-04-13T00:00:00+00:00,2024-04-13T03:00:00+00:00,287.15,0.004
